source_kind,provenance_class,verification_level,paper_eligibility,source_location,run_status,dataset,condition,historical_family_id,historical_recipe_sha256,seed,split,preprocessing,epoch_budget,selection_rule,code_commit,checkpoint_path,checkpoint_sha256,metric_files,trainable_parameter_count,runtime_seconds,gpu,peak_memory_mb,test_balanced_accuracy,test_macro_f1,reported_weighted_f1,test_kappa,tmlr_overlap_status,reuse_decision,notes
rejected_paper_report,legacy_reported_paper,manuscript_reported_not_reproduced,main_table_legacy_labeled,rejected_manuscript_table_13,reported_not_reproduced,SEED-V,historical_dense,1769781,,42,cbramod_benchmark,rejected_paper_serialized_preprocessing,25,validation_cohen_kappa,,,,docs/17576_Depth_Aware_Selective_Ad.pdf,,,,,0.40244,,0.41106,0.25975,pending_manual_firewall_review,legacy_reported_eligible,"Dense seed 42; checkpoint, commit, and raw log unavailable"
rejected_paper_report,legacy_reported_paper,manuscript_reported_not_reproduced,main_table_legacy_labeled,rejected_manuscript_table_13,reported_not_reproduced,SEED-V,historical_dense,1769781,,3407,cbramod_benchmark,rejected_paper_serialized_preprocessing,25,validation_cohen_kappa,,,,docs/17576_Depth_Aware_Selective_Ad.pdf,,,,,0.40116,,0.40987,0.25806,pending_manual_firewall_review,legacy_reported_eligible,"Dense seed 3407; checkpoint, commit, and raw log unavailable"
rejected_paper_report,legacy_reported_paper,manuscript_reported_not_reproduced,main_table_legacy_labeled,rejected_manuscript_table_13,reported_not_reproduced,SEED-V,historical_dense,1769781,,2024,cbramod_benchmark,rejected_paper_serialized_preprocessing,25,validation_cohen_kappa,,,,docs/17576_Depth_Aware_Selective_Ad.pdf,,,,,0.40199,,0.40634,0.25641,pending_manual_firewall_review,legacy_reported_eligible,"Dense seed 2024; checkpoint, commit, and raw log unavailable"
rejected_paper_report,legacy_reported_paper,manuscript_reported_not_reproduced,main_table_legacy_labeled,rejected_manuscript_table_13,reported_not_reproduced,SEED-V,historical_attnres_only,1769783,,42,cbramod_benchmark,rejected_paper_serialized_preprocessing,25,validation_cohen_kappa,,,,docs/17576_Depth_Aware_Selective_Ad.pdf,,,,,0.40809,,0.41641,0.26776,pending_manual_firewall_review,legacy_reported_eligible,"AttnRes-only seed 42; checkpoint, commit, and raw log unavailable"
rejected_paper_report,legacy_reported_paper,manuscript_reported_not_reproduced,main_table_legacy_labeled,rejected_manuscript_table_13,reported_not_reproduced,SEED-V,historical_attnres_only,1769783,,3407,cbramod_benchmark,rejected_paper_serialized_preprocessing,25,validation_cohen_kappa,,,,docs/17576_Depth_Aware_Selective_Ad.pdf,,,,,0.40418,,0.41220,0.26308,pending_manual_firewall_review,legacy_reported_eligible,"AttnRes-only seed 3407; checkpoint, commit, and raw log unavailable"
rejected_paper_report,legacy_reported_paper,manuscript_reported_not_reproduced,main_table_legacy_labeled,rejected_manuscript_table_13,reported_not_reproduced,SEED-V,historical_attnres_only,1769783,,2024,cbramod_benchmark,rejected_paper_serialized_preprocessing,25,validation_cohen_kappa,,,,docs/17576_Depth_Aware_Selective_Ad.pdf,,,,,0.40792,,0.41481,0.26643,pending_manual_firewall_review,legacy_reported_eligible,"AttnRes-only seed 2024; checkpoint, commit, and raw log unavailable"
rejected_paper_report,legacy_reported_paper,manuscript_reported_not_reproduced,main_table_legacy_labeled,rejected_manuscript_table_8_and_table_13,reported_not_reproduced,SEED-V,historical_selective,1785556,,42,cbramod_benchmark,rejected_paper_serialized_preprocessing,25,validation_cohen_kappa,,,,docs/17576_Depth_Aware_Selective_Ad.pdf,,,,,0.40950,,0.41743,0.26953,pending_manual_firewall_review,legacy_reported_eligible,"Rejected-paper MoE-only mapped to AttnRes plus typed specialists without depth routing; seed 42"
rejected_paper_report,legacy_reported_paper,manuscript_reported_not_reproduced,main_table_legacy_labeled,rejected_manuscript_table_8_and_table_13,reported_not_reproduced,SEED-V,historical_selective,1785556,,3407,cbramod_benchmark,rejected_paper_serialized_preprocessing,25,validation_cohen_kappa,,,,docs/17576_Depth_Aware_Selective_Ad.pdf,,,,,0.40389,,0.41229,0.26237,pending_manual_firewall_review,legacy_reported_eligible,"Rejected-paper MoE-only mapped to AttnRes plus typed specialists without depth routing; seed 3407"
rejected_paper_report,legacy_reported_paper,manuscript_reported_not_reproduced,main_table_legacy_labeled,rejected_manuscript_table_8_and_table_13,reported_not_reproduced,SEED-V,historical_selective,1785556,,2024,cbramod_benchmark,rejected_paper_serialized_preprocessing,25,validation_cohen_kappa,,,,docs/17576_Depth_Aware_Selective_Ad.pdf,,,,,0.40821,,0.41604,0.26658,pending_manual_firewall_review,legacy_reported_eligible,"Rejected-paper MoE-only mapped to AttnRes plus typed specialists without depth routing; seed 2024"
